{
  "inherit": true,
  "base": "vs",
  "colors": {
    "focusBorder": "#0366d6",
    "foreground": "#24292e",
    "descriptionForeground": "#6a737d",
    "errorForeground": "#cb2431",
    "textLink.foreground": "#0366d6",
    "textLink.activeForeground": "#0366d6",
    "textBlockQuote.background": "#f6f8fa",
    "textBlockQuote.border": "#dfe2e5",
    "textCodeBlock.background": "#1b1f230d",
    "textPreformat.foreground": "#586069",
    "textSeparator.foreground": "#eaecef",
    "button.background": "#2ea44f",
    "button.foreground": "#ffffff",
    "button.hoverBackground": "#2c974b",
    "button.secondaryBackground": "#eaecef",
    "button.secondaryForeground": "#24292e",
    "button.secondaryHoverBackground": "#f3f4f6",
    "checkbox.background": "#f6f8fa",
    "checkbox.border": "#e1e4e8",
    "dropdown.background": "#ffffff",
    "dropdown.border": "#e1e4e8",
    "dropdown.foreground": "#24292e",
    "dropdown.listBackground": "#ffffff",
    "input.background": "#ffffff",
    "input.border": "#e1e4e8",
    "input.foreground": "#24292e",
    "input.placeholderForeground": "#6a737d",
    "badge.foreground": "#005cc5",
    "badge.background": "#dbedff",
    "progressBar.background": "#2188ff",
    "titleBar.activeForeground": "#586069",
    "titleBar.activeBackground": "#ffffff",
    "titleBar.inactiveForeground": "#6a737d",
    "titleBar.inactiveBackground": "#f6f8fa",
    "titleBar.border": "#e1e4e8",
    "activityBar.foreground": "#24292e",
    "activityBar.inactiveForeground": "#6a737d",
    "activityBar.background": "#ffffff",
    "activityBarBadge.foreground": "#ffffff",
    "activityBarBadge.background": "#2188ff",
    "activityBar.activeBorder": "#f9826c",
    "activityBar.border": "#e1e4e8",
    "sideBar.foreground": "#24292e",
    "sideBar.background": "#f6f8fa",
    "sideBar.border": "#e1e4e8",
    "sideBarTitle.foreground": "#24292e",
    "sideBarSectionHeader.foreground": "#24292e",
    "sideBarSectionHeader.background": "#f6f8fa",
    "sideBarSectionHeader.border": "#e1e4e8",
    "list.hoverForeground": "#24292e",
    "list.inactiveSelectionForeground": "#24292e",
    "list.activeSelectionForeground": "#24292e",
    "list.hoverBackground": "#ebf0f4",
    "list.inactiveSelectionBackground": "#e8eaed",
    "list.activeSelectionBackground": "#e2e5e9",
    "list.focusForeground": "#05264c",
    "list.focusBackground": "#cce5ff",
    "list.inactiveFocusBackground": "#dbedff",
    "list.highlightForeground": "#0366d6",
    "tree.indentGuidesStroke": "#eaecef",
    "notificationCenterHeader.foreground": "#6a737d",
    "notificationCenterHeader.background": "#e1e4e8",
    "notifications.foreground": "#586069",
    "notifications.background": "#fafbfc",
    "notifications.border": "#e1e4e8",
    "notificationsErrorIcon.foreground": "#d73a49",
    "notificationsWarningIcon.foreground": "#e36209",
    "notificationsInfoIcon.foreground": "#005cc5",
    "pickerGroup.border": "#e1e4e8",
    "pickerGroup.foreground": "#586069",
    "quickInput.background": "#fafbfc",
    "quickInput.foreground": "#24292e",
    "statusBar.foreground": "#586069",
    "statusBar.background": "#ffffff",
    "statusBar.border": "#e1e4e8",
    "statusBar.noFolderBackground": "#ffffff",
    "statusBar.debuggingBackground": "#d73a49",
    "statusBar.debuggingForeground": "#ffffff",
    "statusBarItem.prominentBackground": "#f6f8fa",
    "editorGroupHeader.tabsBackground": "#f6f8fa",
    "editorGroupHeader.tabsBorder": "#e1e4e8",
    "editorGroup.border": "#e1e4e8",
    "tab.activeForeground": "#24292e",
    "tab.inactiveForeground": "#6a737d",
    "tab.inactiveBackground": "#f6f8fa",
    "tab.activeBackground": "#ffffff",
    "tab.hoverBackground": "#ffffff",
    "tab.unfocusedHoverBackground": "#f6f8fa",
    "tab.border": "#e1e4e8",
    "tab.unfocusedActiveBorderTop": "#e1e4e8",
    "tab.activeBorder": "#ffffff",
    "tab.unfocusedActiveBorder": "#ffffff",
    "tab.activeBorderTop": "#f9826c",
    "breadcrumb.foreground": "#6a737d",
    "breadcrumb.focusForeground": "#24292e",
    "breadcrumb.activeSelectionForeground": "#586069",
    "breadcrumbPicker.background": "#ffffff",
    "editor.foreground": "#24292e",
    "editor.background": "#ffffff",
    "editorWidget.background": "#ffffff",
    "editor.foldBackground": "#959da51a",
    "editor.lineHighlightBackground": "#fafbfc",
    "editorLineNumber.foreground": "#959da5",
    "editorLineNumber.activeForeground": "#24292e",
    "editorIndentGuide.background": "#eaecef",
    "editorIndentGuide.activeBackground": "#e1e4e8",
    "editorWhitespace.foreground": "#d1d5da",
    "editorCursor.foreground": "#044289",
    "editor.findMatchBackground": "#ffdf5d",
    "editor.findMatchHighlightBackground": "#ffdf5d66",
    "editor.linkedEditingBackground": "#0366d611",
    "editor.inactiveSelectionBackground": "#0366d611",
    "editor.selectionBackground": "#0366d625",
    "editor.selectionHighlightBackground": "#34d05840",
    "editor.selectionHighlightBorder": "#34d05800",
    "editor.wordHighlightBackground": "#34d05800",
    "editor.wordHighlightStrongBackground": "#34d05800",
    "editor.wordHighlightBorder": "#24943e99",
    "editor.wordHighlightStrongBorder": "#24943e50",
    "editorBracketMatch.background": "#34d05840",
    "editorBracketMatch.border": "#34d05800",
    "editorGutter.modifiedBackground": "#f9c513",
    "editorGutter.addedBackground": "#34d058",
    "editorGutter.deletedBackground": "#d73a49",
    "diffEditor.insertedTextBackground": "#85e89d33",
    "diffEditor.removedTextBackground": "#f9758326",
    "scrollbar.shadow": "#6a737d33",
    "scrollbarSlider.background": "#959da533",
    "scrollbarSlider.hoverBackground": "#959da544",
    "scrollbarSlider.activeBackground": "#959da588",
    "editorOverviewRuler.border": "#ffffff",
    "panel.background": "#f6f8fa",
    "panel.border": "#e1e4e8",
    "panelTitle.activeBorder": "#f9826c",
    "panelTitle.activeForeground": "#24292e",
    "panelTitle.inactiveForeground": "#6a737d",
    "panelInput.border": "#e1e4e8",
    "terminal.foreground": "#586069",
    "terminal.ansiBlack": "#24292e",
    "terminal.ansiRed": "#d73a49",
    "terminal.ansiGreen": "#22863a",
    "terminal.ansiYellow": "#b08800",
    "terminal.ansiBlue": "#0366d6",
    "terminal.ansiMagenta": "#6f42c1",
    "terminal.ansiCyan": "#1b7c83",
    "terminal.ansiWhite": "#6a737d",
    "terminal.ansiBrightBlack": "#586069",
    "terminal.ansiBrightRed": "#cb2431",
    "terminal.ansiBrightGreen": "#28a745",
    "terminal.ansiBrightYellow": "#dbab09",
    "terminal.ansiBrightBlue": "#2188ff",
    "terminal.ansiBrightMagenta": "#8a63d2",
    "terminal.ansiBrightCyan": "#3192aa",
    "terminal.ansiBrightWhite": "#959da5",
    "gitDecoration.addedResourceForeground": "#22863a",
    "gitDecoration.modifiedResourceForeground": "#b08800",
    "gitDecoration.deletedResourceForeground": "#cb2431",
    "gitDecoration.untrackedResourceForeground": "#22863a",
    "gitDecoration.ignoredResourceForeground": "#959da5",
    "gitDecoration.conflictingResourceForeground": "#b08800",
    "gitDecoration.submoduleResourceForeground": "#586069",
    "debugToolBar.background": "#ffffff",
    "editor.stackFrameHighlightBackground": "#ffd33d33",
    "editor.focusedStackFrameHighlightBackground": "#28a74525",
    "settings.headerForeground": "#586069",
    "settings.modifiedItemIndicator": "#f9c513",
    "welcomePage.buttonBackground": "#fafbfc",
    "welcomePage.buttonHoverBackground": "#f3f4f6"
  },
  "rules": [
    {
      "foreground": "#6a737d",
      "token": "comment"
    },
    {
      "foreground": "#6a737d",
      "token": "punctuation.definition.comment"
    },
    {
      "foreground": "#6a737d",
      "token": "string.comment"
    },
    {
      "foreground": "#005cc5",
      "token": "constant"
    },
    {
      "foreground": "#005cc5",
      "token": "entity.name.constant"
    },
    {
      "foreground": "#005cc5",
      "token": "variable.other.constant"
    },
    {
      "foreground": "#005cc5",
      "token": "variable.language"
    },
    {
      "foreground": "#005cc5",
      "token": "entity"
    },
    {
      "foreground": "#e36209",
      "token": "entity.name"
    },
    {
      "foreground": "#e36209",
      "token": "meta.export.default"
    },
    {
      "foreground": "#e36209",
      "token": "meta.definition.variable"
    },
    {
      "foreground": "#24292e",
      "token": "variable.parameter.function"
    },
    {
      "foreground": "#24292e",
      "token": "meta.jsx.children"
    },
    {
      "foreground": "#24292e",
      "token": "meta.block"
    },
    {
      "foreground": "#24292e",
      "token": "meta.tag.attributes"
    },
    {
      "foreground": "#24292e",
      "token": "entity.name.constant"
    },
    {
      "foreground": "#24292e",
      "token": "meta.object.member"
    },
    {
      "foreground": "#24292e",
      "token": "meta.embedded.expression"
    },
    {
      "foreground": "#6f42c1",
      "token": "entity.name.function"
    },
    {
      "foreground": "#22863a",
      "token": "entity.name.tag"
    },
    {
      "foreground": "#22863a",
      "token": "support.class.component"
    },
    {
      "foreground": "#d73a49",
      "token": "keyword"
    },
    {
      "foreground": "#d73a49",
      "token": "storage"
    },
    {
      "foreground": "#d73a49",
      "token": "storage.type"
    },
    {
      "foreground": "#24292e",
      "token": "storage.modifier.package"
    },
    {
      "foreground": "#24292e",
      "token": "storage.modifier.import"
    },
    {
      "foreground": "#24292e",
      "token": "storage.type.java"
    },
    {
      "foreground": "#032f62",
      "token": "string"
    },
    {
      "foreground": "#032f62",
      "token": "punctuation.definition.string"
    },
    {
      "foreground": "#032f62",
      "token": "string punctuation.section.embedded source"
    },
    {
      "foreground": "#005cc5",
      "token": "support"
    },
    {
      "foreground": "#005cc5",
      "token": "meta.property-name"
    },
    {
      "foreground": "#e36209",
      "token": "variable"
    },
    {
      "foreground": "#24292e",
      "token": "variable.other"
    },
    {
      "fontStyle": "italic",
      "foreground": "#b31d28",
      "token": "invalid.broken"
    },
    {
      "fontStyle": "italic",
      "foreground": "#b31d28",
      "token": "invalid.deprecated"
    },
    {
      "fontStyle": "italic",
      "foreground": "#b31d28",
      "token": "invalid.illegal"
    },
    {
      "fontStyle": "italic",
      "foreground": "#b31d28",
      "token": "invalid.unimplemented"
    },
    {
      "fontStyle": "italic underline",
      "background": "#d73a49",
      "foreground": "#fafbfc",
      "content": "^M",
      "token": "carriage-return"
    },
    {
      "foreground": "#b31d28",
      "token": "message.error"
    },
    {
      "foreground": "#24292e",
      "token": "string source"
    },
    {
      "foreground": "#005cc5",
      "token": "string variable"
    },
    {
      "foreground": "#032f62",
      "token": "source.regexp"
    },
    {
      "foreground": "#032f62",
      "token": "string.regexp"
    },
    {
      "foreground": "#032f62",
      "token": "string.regexp.character-class"
    },
    {
      "foreground": "#032f62",
      "token": "string.regexp constant.character.escape"
    },
    {
      "foreground": "#032f62",
      "token": "string.regexp source.ruby.embedded"
    },
    {
      "foreground": "#032f62",
      "token": "string.regexp string.regexp.arbitrary-repitition"
    },
    {
      "fontStyle": "bold",
      "foreground": "#22863a",
      "token": "string.regexp constant.character.escape"
    },
    {
      "foreground": "#005cc5",
      "token": "support.constant"
    },
    {
      "foreground": "#005cc5",
      "token": "support.variable"
    },
    {
      "foreground": "#005cc5",
      "token": "meta.module-reference"
    },
    {
      "foreground": "#e36209",
      "token": "punctuation.definition.list.begin.markdown"
    },
    {
      "fontStyle": "bold",
      "foreground": "#005cc5",
      "token": "markup.heading"
    },
    {
      "fontStyle": "bold",
      "foreground": "#005cc5",
      "token": "markup.heading entity.name"
    },
    {
      "foreground": "#22863a",
      "token": "markup.quote"
    },
    {
      "fontStyle": "italic",
      "foreground": "#24292e",
      "token": "markup.italic"
    },
    {
      "fontStyle": "bold",
      "foreground": "#24292e",
      "token": "markup.bold"
    },
    {
      "foreground": "#005cc5",
      "token": "markup.raw"
    },
    {
      "background": "#ffeef0",
      "foreground": "#b31d28",
      "token": "markup.deleted"
    },
    {
      "background": "#ffeef0",
      "foreground": "#b31d28",
      "token": "meta.diff.header.from-file"
    },
    {
      "background": "#ffeef0",
      "foreground": "#b31d28",
      "token": "punctuation.definition.deleted"
    },
    {
      "background": "#f0fff4",
      "foreground": "#22863a",
      "token": "markup.inserted"
    },
    {
      "background": "#f0fff4",
      "foreground": "#22863a",
      "token": "meta.diff.header.to-file"
    },
    {
      "background": "#f0fff4",
      "foreground": "#22863a",
      "token": "punctuation.definition.inserted"
    },
    {
      "background": "#ffebda",
      "foreground": "#e36209",
      "token": "markup.changed"
    },
    {
      "background": "#ffebda",
      "foreground": "#e36209",
      "token": "punctuation.definition.changed"
    },
    {
      "foreground": "#f6f8fa",
      "background": "#005cc5",
      "token": "markup.ignored"
    },
    {
      "foreground": "#f6f8fa",
      "background": "#005cc5",
      "token": "markup.untracked"
    },
    {
      "foreground": "#6f42c1",
      "fontStyle": "bold",
      "token": "meta.diff.range"
    },
    {
      "foreground": "#005cc5",
      "token": "meta.diff.header"
    },
    {
      "fontStyle": "bold",
      "foreground": "#005cc5",
      "token": "meta.separator"
    },
    {
      "foreground": "#005cc5",
      "token": "meta.output"
    },
    {
      "foreground": "#586069",
      "token": "brackethighlighter.tag"
    },
    {
      "foreground": "#586069",
      "token": "brackethighlighter.curly"
    },
    {
      "foreground": "#586069",
      "token": "brackethighlighter.round"
    },
    {
      "foreground": "#586069",
      "token": "brackethighlighter.square"
    },
    {
      "foreground": "#586069",
      "token": "brackethighlighter.angle"
    },
    {
      "foreground": "#586069",
      "token": "brackethighlighter.quote"
    },
    {
      "foreground": "#b31d28",
      "token": "brackethighlighter.unmatched"
    },
    {
      "foreground": "#032f62",
      "fontStyle": "underline",
      "token": "constant.other.reference.link"
    },
    {
      "foreground": "#032f62",
      "fontStyle": "underline",
      "token": "string.other.link"
    }
  ],
  "encodedTokensColors": []
}
